date,day,calls_needed,skipped,call_reduction
2026-05-01,Friday,100,8540,98.8
2026-05-02,Saturday,100,8540,98.8
2026-05-03,Sunday,100,8540,98.8
2026-05-04,Monday,100,8540,98.8
2026-05-05,Tuesday,100,8540,98.8
2026-05-06,Wednesday,100,8540,98.8
2026-05-07,Thursday,100,8540,98.8
2026-05-08,Friday,100,8540,98.8
2026-05-09,Saturday,100,8540,98.8
2026-05-10,Sunday,100,8540,98.8
2026-05-11,Monday,100,8540,98.8
2026-05-12,Tuesday,100,8540,98.8
2026-05-13,Wednesday,100,8540,98.8
2026-05-14,Thursday,100,8540,98.8
2026-05-15,Friday,100,8540,98.8
2026-05-16,Saturday,100,8540,98.8
2026-05-17,Sunday,100,8540,98.8
2026-05-18,Monday,100,8540,98.8
2026-05-19,Tuesday,100,8540,98.8
2026-05-20,Wednesday,100,8540,98.8
2026-05-21,Thursday,100,8540,98.8
2026-05-22,Friday,100,8540,98.8
2026-05-23,Saturday,100,8540,98.8
2026-05-24,Sunday,100,8540,98.8
2026-05-25,Monday,100,8540,98.8
2026-05-26,Tuesday,100,8540,98.8
2026-05-27,Wednesday,100,8540,98.8
2026-05-28,Thursday,100,8540,98.8
2026-05-29,Friday,100,8540,98.8
2026-05-30,Saturday,100,8540,98.8
2026-05-31,Sunday,100,8540,98.8
